Data_ID,Dia,Mes,Ano,Data_Completa
1,1,1,2020,2020-01-01
2,2,1,2020,2020-01-02
3,3,1,2020,2020-01-03
4,4,1,2020,2020-01-04
5,5,1,2020,2020-01-05
6,6,1,2020,2020-01-06
7,7,1,2020,2020-01-07
8,8,1,2020,2020-01-08
9,9,1,2020,2020-01-09
10,10,1,2020,2020-01-10
11,11,1,2020,2020-01-11
12,12,1,2020,2020-01-12
13,13,1,2020,2020-01-13
14,14,1,2020,2020-01-14
15,15,1,2020,2020-01-15
16,16,1,2020,2020-01-16
17,17,1,2020,2020-01-17
18,18,1,2020,2020-01-18
19,19,1,2020,2020-01-19
20,20,1,2020,2020-01-20
21,21,1,2020,2020-01-21
22,22,1,2020,2020-01-22
23,23,1,2020,2020-01-23
24,24,1,2020,2020-01-24
25,25,1,2020,2020-01-25
26,26,1,2020,2020-01-26
27,27,1,2020,2020-01-27
28,28,1,2020,2020-01-28
29,29,1,2020,2020-01-29
30,30,1,2020,2020-01-30
31,31,1,2020,2020-01-31
32,1,2,2020,2020-02-01
33,2,2,2020,2020-02-02
34,3,2,2020,2020-02-03
35,4,2,2020,2020-02-04
36,5,2,2020,2020-02-05
37,6,2,2020,2020-02-06
38,7,2,2020,2020-02-07
39,8,2,2020,2020-02-08
40,9,2,2020,2020-02-09
41,10,2,2020,2020-02-10
42,11,2,2020,2020-02-11
43,12,2,2020,2020-02-12
44,13,2,2020,2020-02-13
45,14,2,2020,2020-02-14
46,15,2,2020,2020-02-15
47,16,2,2020,2020-02-16
48,17,2,2020,2020-02-17
49,18,2,2020,2020-02-18
50,19,2,2020,2020-02-19
51,20,2,2020,2020-02-20
52,21,2,2020,2020-02-21
53,22,2,2020,2020-02-22
54,23,2,2020,2020-02-23
55,24,2,2020,2020-02-24
56,25,2,2020,2020-02-25
57,26,2,2020,2020-02-26
58,27,2,2020,2020-02-27
59,28,2,2020,2020-02-28
60,29,2,2020,2020-02-29
61,1,3,2020,2020-03-01
62,2,3,2020,2020-03-02
63,3,3,2020,2020-03-03
64,4,3,2020,2020-03-04
65,5,3,2020,2020-03-05
66,6,3,2020,2020-03-06
67,7,3,2020,2020-03-07
68,8,3,2020,2020-03-08
69,9,3,2020,2020-03-09
70,10,3,2020,2020-03-10
71,11,3,2020,2020-03-11
72,12,3,2020,2020-03-12
73,13,3,2020,2020-03-13
74,14,3,2020,2020-03-14
75,15,3,2020,2020-03-15
76,16,3,2020,2020-03-16
77,17,3,2020,2020-03-17
78,18,3,2020,2020-03-18
79,19,3,2020,2020-03-19
80,20,3,2020,2020-03-20
81,21,3,2020,2020-03-21
82,22,3,2020,2020-03-22
83,23,3,2020,2020-03-23
84,24,3,2020,2020-03-24
85,25,3,2020,2020-03-25
86,26,3,2020,2020-03-26
87,27,3,2020,2020-03-27
88,28,3,2020,2020-03-28
89,29,3,2020,2020-03-29
90,30,3,2020,2020-03-30
91,31,3,2020,2020-03-31
92,1,4,2020,2020-04-01
93,2,4,2020,2020-04-02
94,3,4,2020,2020-04-03
95,4,4,2020,2020-04-04
96,5,4,2020,2020-04-05
97,6,4,2020,2020-04-06
98,7,4,2020,2020-04-07
99,8,4,2020,2020-04-08
100,9,4,2020,2020-04-09
101,10,4,2020,2020-04-10
102,11,4,2020,2020-04-11
103,12,4,2020,2020-04-12
104,13,4,2020,2020-04-13
105,14,4,2020,2020-04-14
106,15,4,2020,2020-04-15
107,16,4,2020,2020-04-16
108,17,4,2020,2020-04-17
109,18,4,2020,2020-04-18
110,19,4,2020,2020-04-19
111,20,4,2020,2020-04-20
112,21,4,2020,2020-04-21
113,22,4,2020,2020-04-22
114,23,4,2020,2020-04-23
115,24,4,2020,2020-04-24
116,25,4,2020,2020-04-25
117,26,4,2020,2020-04-26
118,27,4,2020,2020-04-27
119,28,4,2020,2020-04-28
120,29,4,2020,2020-04-29
121,30,4,2020,2020-04-30
122,1,5,2020,2020-05-01
123,2,5,2020,2020-05-02
124,3,5,2020,2020-05-03
125,4,5,2020,2020-05-04
126,5,5,2020,2020-05-05
127,6,5,2020,2020-05-06
128,7,5,2020,2020-05-07
129,8,5,2020,2020-05-08
130,9,5,2020,2020-05-09
131,10,5,2020,2020-05-10
132,11,5,2020,2020-05-11
133,12,5,2020,2020-05-12
134,13,5,2020,2020-05-13
135,14,5,2020,2020-05-14
136,15,5,2020,2020-05-15
137,16,5,2020,2020-05-16
138,17,5,2020,2020-05-17
139,18,5,2020,2020-05-18
140,19,5,2020,2020-05-19
141,20,5,2020,2020-05-20
142,21,5,2020,2020-05-21
143,22,5,2020,2020-05-22
144,23,5,2020,2020-05-23
145,24,5,2020,2020-05-24
146,25,5,2020,2020-05-25
147,26,5,2020,2020-05-26
148,27,5,2020,2020-05-27
149,28,5,2020,2020-05-28
150,29,5,2020,2020-05-29
151,30,5,2020,2020-05-30
152,31,5,2020,2020-05-31
153,1,6,2020,2020-06-01
154,2,6,2020,2020-06-02
155,3,6,2020,2020-06-03
156,4,6,2020,2020-06-04
157,5,6,2020,2020-06-05
158,6,6,2020,2020-06-06
159,7,6,2020,2020-06-07
160,8,6,2020,2020-06-08
161,9,6,2020,2020-06-09
162,10,6,2020,2020-06-10
163,11,6,2020,2020-06-11
164,12,6,2020,2020-06-12
165,13,6,2020,2020-06-13
166,14,6,2020,2020-06-14
167,15,6,2020,2020-06-15
168,16,6,2020,2020-06-16
169,17,6,2020,2020-06-17
170,18,6,2020,2020-06-18
171,19,6,2020,2020-06-19
172,20,6,2020,2020-06-20
173,21,6,2020,2020-06-21
174,22,6,2020,2020-06-22
175,23,6,2020,2020-06-23
176,24,6,2020,2020-06-24
177,25,6,2020,2020-06-25
178,26,6,2020,2020-06-26
179,27,6,2020,2020-06-27
180,28,6,2020,2020-06-28
181,29,6,2020,2020-06-29
182,30,6,2020,2020-06-30
183,1,7,2020,2020-07-01
184,2,7,2020,2020-07-02
185,3,7,2020,2020-07-03
186,4,7,2020,2020-07-04
187,5,7,2020,2020-07-05
188,6,7,2020,2020-07-06
189,7,7,2020,2020-07-07
190,8,7,2020,2020-07-08
191,9,7,2020,2020-07-09
192,10,7,2020,2020-07-10
193,11,7,2020,2020-07-11
194,12,7,2020,2020-07-12
195,13,7,2020,2020-07-13
196,14,7,2020,2020-07-14
197,15,7,2020,2020-07-15
198,16,7,2020,2020-07-16
199,17,7,2020,2020-07-17
200,18,7,2020,2020-07-18
201,19,7,2020,2020-07-19
202,20,7,2020,2020-07-20
203,21,7,2020,2020-07-21
204,22,7,2020,2020-07-22
205,23,7,2020,2020-07-23
206,24,7,2020,2020-07-24
207,25,7,2020,2020-07-25
208,26,7,2020,2020-07-26
209,27,7,2020,2020-07-27
210,28,7,2020,2020-07-28
211,29,7,2020,2020-07-29
212,30,7,2020,2020-07-30
213,31,7,2020,2020-07-31
214,1,8,2020,2020-08-01
215,2,8,2020,2020-08-02
216,3,8,2020,2020-08-03
217,4,8,2020,2020-08-04
218,5,8,2020,2020-08-05
219,6,8,2020,2020-08-06
220,7,8,2020,2020-08-07
221,8,8,2020,2020-08-08
222,9,8,2020,2020-08-09
223,10,8,2020,2020-08-10
224,11,8,2020,2020-08-11
225,12,8,2020,2020-08-12
226,13,8,2020,2020-08-13
227,14,8,2020,2020-08-14
228,15,8,2020,2020-08-15
229,16,8,2020,2020-08-16
230,17,8,2020,2020-08-17
231,18,8,2020,2020-08-18
232,19,8,2020,2020-08-19
233,20,8,2020,2020-08-20
234,21,8,2020,2020-08-21
235,22,8,2020,2020-08-22
236,23,8,2020,2020-08-23
237,24,8,2020,2020-08-24
238,25,8,2020,2020-08-25
239,26,8,2020,2020-08-26
240,27,8,2020,2020-08-27
241,28,8,2020,2020-08-28
242,29,8,2020,2020-08-29
243,30,8,2020,2020-08-30
244,31,8,2020,2020-08-31
245,1,9,2020,2020-09-01
246,2,9,2020,2020-09-02
247,3,9,2020,2020-09-03
248,4,9,2020,2020-09-04
249,5,9,2020,2020-09-05
250,6,9,2020,2020-09-06
251,7,9,2020,2020-09-07
252,8,9,2020,2020-09-08
253,9,9,2020,2020-09-09
254,10,9,2020,2020-09-10
255,11,9,2020,2020-09-11
256,12,9,2020,2020-09-12
257,13,9,2020,2020-09-13
258,14,9,2020,2020-09-14
259,15,9,2020,2020-09-15
260,16,9,2020,2020-09-16
261,17,9,2020,2020-09-17
262,18,9,2020,2020-09-18
263,19,9,2020,2020-09-19
264,20,9,2020,2020-09-20
265,21,9,2020,2020-09-21
266,22,9,2020,2020-09-22
267,23,9,2020,2020-09-23
268,24,9,2020,2020-09-24
269,25,9,2020,2020-09-25
270,26,9,2020,2020-09-26
271,27,9,2020,2020-09-27
272,28,9,2020,2020-09-28
273,29,9,2020,2020-09-29
274,30,9,2020,2020-09-30
275,1,10,2020,2020-10-01
276,2,10,2020,2020-10-02
277,3,10,2020,2020-10-03
278,4,10,2020,2020-10-04
279,5,10,2020,2020-10-05
280,6,10,2020,2020-10-06
281,7,10,2020,2020-10-07
282,8,10,2020,2020-10-08
283,9,10,2020,2020-10-09
284,10,10,2020,2020-10-10
285,11,10,2020,2020-10-11
286,12,10,2020,2020-10-12
287,13,10,2020,2020-10-13
288,14,10,2020,2020-10-14
289,15,10,2020,2020-10-15
290,16,10,2020,2020-10-16
291,17,10,2020,2020-10-17
292,18,10,2020,2020-10-18
293,19,10,2020,2020-10-19
294,20,10,2020,2020-10-20
295,21,10,2020,2020-10-21
296,22,10,2020,2020-10-22
297,23,10,2020,2020-10-23
298,24,10,2020,2020-10-24
299,25,10,2020,2020-10-25
300,26,10,2020,2020-10-26
301,27,10,2020,2020-10-27
302,28,10,2020,2020-10-28
303,29,10,2020,2020-10-29
304,30,10,2020,2020-10-30
305,31,10,2020,2020-10-31
306,1,11,2020,2020-11-01
307,2,11,2020,2020-11-02
308,3,11,2020,2020-11-03
309,4,11,2020,2020-11-04
310,5,11,2020,2020-11-05
311,6,11,2020,2020-11-06
312,7,11,2020,2020-11-07
313,8,11,2020,2020-11-08
314,9,11,2020,2020-11-09
315,10,11,2020,2020-11-10
316,11,11,2020,2020-11-11
317,12,11,2020,2020-11-12
318,13,11,2020,2020-11-13
319,14,11,2020,2020-11-14
320,15,11,2020,2020-11-15
321,16,11,2020,2020-11-16
322,17,11,2020,2020-11-17
323,18,11,2020,2020-11-18
324,19,11,2020,2020-11-19
325,20,11,2020,2020-11-20
326,21,11,2020,2020-11-21
327,22,11,2020,2020-11-22
328,23,11,2020,2020-11-23
329,24,11,2020,2020-11-24
330,25,11,2020,2020-11-25
331,26,11,2020,2020-11-26
332,27,11,2020,2020-11-27
333,28,11,2020,2020-11-28
334,29,11,2020,2020-11-29
335,30,11,2020,2020-11-30
336,1,12,2020,2020-12-01
337,2,12,2020,2020-12-02
338,3,12,2020,2020-12-03
339,4,12,2020,2020-12-04
340,5,12,2020,2020-12-05
341,6,12,2020,2020-12-06
342,7,12,2020,2020-12-07
343,8,12,2020,2020-12-08
344,9,12,2020,2020-12-09
345,10,12,2020,2020-12-10
346,11,12,2020,2020-12-11
347,12,12,2020,2020-12-12
348,13,12,2020,2020-12-13
349,14,12,2020,2020-12-14
350,15,12,2020,2020-12-15
351,16,12,2020,2020-12-16
352,17,12,2020,2020-12-17
353,18,12,2020,2020-12-18
354,19,12,2020,2020-12-19
355,20,12,2020,2020-12-20
356,21,12,2020,2020-12-21
357,22,12,2020,2020-12-22
358,23,12,2020,2020-12-23
359,24,12,2020,2020-12-24
360,25,12,2020,2020-12-25
361,26,12,2020,2020-12-26
362,27,12,2020,2020-12-27
363,28,12,2020,2020-12-28
364,29,12,2020,2020-12-29
365,30,12,2020,2020-12-30
366,31,12,2020,2020-12-31
367,1,1,2021,2021-01-01
368,2,1,2021,2021-01-02
369,3,1,2021,2021-01-03
370,4,1,2021,2021-01-04
371,5,1,2021,2021-01-05
372,6,1,2021,2021-01-06
373,7,1,2021,2021-01-07
374,8,1,2021,2021-01-08
375,9,1,2021,2021-01-09
376,10,1,2021,2021-01-10
377,11,1,2021,2021-01-11
378,12,1,2021,2021-01-12
379,13,1,2021,2021-01-13
380,14,1,2021,2021-01-14
381,15,1,2021,2021-01-15
382,16,1,2021,2021-01-16
383,17,1,2021,2021-01-17
384,18,1,2021,2021-01-18
385,19,1,2021,2021-01-19
386,20,1,2021,2021-01-20
387,21,1,2021,2021-01-21
388,22,1,2021,2021-01-22
389,23,1,2021,2021-01-23
390,24,1,2021,2021-01-24
391,25,1,2021,2021-01-25
392,26,1,2021,2021-01-26
393,27,1,2021,2021-01-27
394,28,1,2021,2021-01-28
395,29,1,2021,2021-01-29
396,30,1,2021,2021-01-30
397,31,1,2021,2021-01-31
398,1,2,2021,2021-02-01
399,2,2,2021,2021-02-02
400,3,2,2021,2021-02-03
401,4,2,2021,2021-02-04
402,5,2,2021,2021-02-05
403,6,2,2021,2021-02-06
404,7,2,2021,2021-02-07
405,8,2,2021,2021-02-08
406,9,2,2021,2021-02-09
407,10,2,2021,2021-02-10
408,11,2,2021,2021-02-11
409,12,2,2021,2021-02-12
410,13,2,2021,2021-02-13
411,14,2,2021,2021-02-14
412,15,2,2021,2021-02-15
413,16,2,2021,2021-02-16
414,17,2,2021,2021-02-17
415,18,2,2021,2021-02-18
416,19,2,2021,2021-02-19
417,20,2,2021,2021-02-20
418,21,2,2021,2021-02-21
419,22,2,2021,2021-02-22
420,23,2,2021,2021-02-23
421,24,2,2021,2021-02-24
422,25,2,2021,2021-02-25
423,26,2,2021,2021-02-26
424,27,2,2021,2021-02-27
425,28,2,2021,2021-02-28
426,1,3,2021,2021-03-01
427,2,3,2021,2021-03-02
428,3,3,2021,2021-03-03
429,4,3,2021,2021-03-04
430,5,3,2021,2021-03-05
431,6,3,2021,2021-03-06
432,7,3,2021,2021-03-07
433,8,3,2021,2021-03-08
434,9,3,2021,2021-03-09
435,10,3,2021,2021-03-10
436,11,3,2021,2021-03-11
437,12,3,2021,2021-03-12
438,13,3,2021,2021-03-13
439,14,3,2021,2021-03-14
440,15,3,2021,2021-03-15
441,16,3,2021,2021-03-16
442,17,3,2021,2021-03-17
443,18,3,2021,2021-03-18
444,19,3,2021,2021-03-19
445,20,3,2021,2021-03-20
446,21,3,2021,2021-03-21
447,22,3,2021,2021-03-22
448,23,3,2021,2021-03-23
449,24,3,2021,2021-03-24
450,25,3,2021,2021-03-25
451,26,3,2021,2021-03-26
452,27,3,2021,2021-03-27
453,28,3,2021,2021-03-28
454,29,3,2021,2021-03-29
455,30,3,2021,2021-03-30
456,31,3,2021,2021-03-31
457,1,4,2021,2021-04-01
458,2,4,2021,2021-04-02
459,3,4,2021,2021-04-03
460,4,4,2021,2021-04-04
461,5,4,2021,2021-04-05
462,6,4,2021,2021-04-06
463,7,4,2021,2021-04-07
464,8,4,2021,2021-04-08
465,9,4,2021,2021-04-09
466,10,4,2021,2021-04-10
467,11,4,2021,2021-04-11
468,12,4,2021,2021-04-12
469,13,4,2021,2021-04-13
470,14,4,2021,2021-04-14
471,15,4,2021,2021-04-15
472,16,4,2021,2021-04-16
473,17,4,2021,2021-04-17
474,18,4,2021,2021-04-18
475,19,4,2021,2021-04-19
476,20,4,2021,2021-04-20
477,21,4,2021,2021-04-21
478,22,4,2021,2021-04-22
479,23,4,2021,2021-04-23
480,24,4,2021,2021-04-24
481,25,4,2021,2021-04-25
482,26,4,2021,2021-04-26
483,27,4,2021,2021-04-27
484,28,4,2021,2021-04-28
485,29,4,2021,2021-04-29
486,30,4,2021,2021-04-30
487,1,5,2021,2021-05-01
488,2,5,2021,2021-05-02
489,3,5,2021,2021-05-03
490,4,5,2021,2021-05-04
491,5,5,2021,2021-05-05
492,6,5,2021,2021-05-06
493,7,5,2021,2021-05-07
494,8,5,2021,2021-05-08
495,9,5,2021,2021-05-09
496,10,5,2021,2021-05-10
497,11,5,2021,2021-05-11
498,12,5,2021,2021-05-12
499,13,5,2021,2021-05-13
500,14,5,2021,2021-05-14
501,15,5,2021,2021-05-15
502,16,5,2021,2021-05-16
503,17,5,2021,2021-05-17
504,18,5,2021,2021-05-18
505,19,5,2021,2021-05-19
506,20,5,2021,2021-05-20
507,21,5,2021,2021-05-21
508,22,5,2021,2021-05-22
509,23,5,2021,2021-05-23
510,24,5,2021,2021-05-24
511,25,5,2021,2021-05-25
512,26,5,2021,2021-05-26
513,27,5,2021,2021-05-27
514,28,5,2021,2021-05-28
515,29,5,2021,2021-05-29
516,30,5,2021,2021-05-30
517,31,5,2021,2021-05-31
518,1,6,2021,2021-06-01
519,2,6,2021,2021-06-02
520,3,6,2021,2021-06-03
521,4,6,2021,2021-06-04
522,5,6,2021,2021-06-05
523,6,6,2021,2021-06-06
524,7,6,2021,2021-06-07
525,8,6,2021,2021-06-08
526,9,6,2021,2021-06-09
527,10,6,2021,2021-06-10
528,11,6,2021,2021-06-11
529,12,6,2021,2021-06-12
530,13,6,2021,2021-06-13
531,14,6,2021,2021-06-14
532,15,6,2021,2021-06-15
533,16,6,2021,2021-06-16
534,17,6,2021,2021-06-17
535,18,6,2021,2021-06-18
536,19,6,2021,2021-06-19
537,20,6,2021,2021-06-20
538,21,6,2021,2021-06-21
539,22,6,2021,2021-06-22
540,23,6,2021,2021-06-23
541,24,6,2021,2021-06-24
542,25,6,2021,2021-06-25
543,26,6,2021,2021-06-26
544,27,6,2021,2021-06-27
545,28,6,2021,2021-06-28
546,29,6,2021,2021-06-29
547,30,6,2021,2021-06-30
548,1,7,2021,2021-07-01
549,2,7,2021,2021-07-02
550,3,7,2021,2021-07-03
551,4,7,2021,2021-07-04
552,5,7,2021,2021-07-05
553,6,7,2021,2021-07-06
554,7,7,2021,2021-07-07
555,8,7,2021,2021-07-08
556,9,7,2021,2021-07-09
557,10,7,2021,2021-07-10
558,11,7,2021,2021-07-11
559,12,7,2021,2021-07-12
560,13,7,2021,2021-07-13
561,14,7,2021,2021-07-14
562,15,7,2021,2021-07-15
563,16,7,2021,2021-07-16
564,17,7,2021,2021-07-17
565,18,7,2021,2021-07-18
566,19,7,2021,2021-07-19
567,20,7,2021,2021-07-20
568,21,7,2021,2021-07-21
569,22,7,2021,2021-07-22
570,23,7,2021,2021-07-23
571,24,7,2021,2021-07-24
572,25,7,2021,2021-07-25
573,26,7,2021,2021-07-26
574,27,7,2021,2021-07-27
575,28,7,2021,2021-07-28
576,29,7,2021,2021-07-29
577,30,7,2021,2021-07-30
578,31,7,2021,2021-07-31
579,1,8,2021,2021-08-01
580,2,8,2021,2021-08-02
581,3,8,2021,2021-08-03
582,4,8,2021,2021-08-04
583,5,8,2021,2021-08-05
584,6,8,2021,2021-08-06
585,7,8,2021,2021-08-07
586,8,8,2021,2021-08-08
587,9,8,2021,2021-08-09
588,10,8,2021,2021-08-10
589,11,8,2021,2021-08-11
590,12,8,2021,2021-08-12
591,13,8,2021,2021-08-13
592,14,8,2021,2021-08-14
593,15,8,2021,2021-08-15
594,16,8,2021,2021-08-16
595,17,8,2021,2021-08-17
596,18,8,2021,2021-08-18
597,19,8,2021,2021-08-19
598,20,8,2021,2021-08-20
599,21,8,2021,2021-08-21
600,22,8,2021,2021-08-22
601,23,8,2021,2021-08-23
602,24,8,2021,2021-08-24
603,25,8,2021,2021-08-25
604,26,8,2021,2021-08-26
605,27,8,2021,2021-08-27
606,28,8,2021,2021-08-28
607,29,8,2021,2021-08-29
608,30,8,2021,2021-08-30
609,31,8,2021,2021-08-31
610,1,9,2021,2021-09-01
611,2,9,2021,2021-09-02
612,3,9,2021,2021-09-03
613,4,9,2021,2021-09-04
614,5,9,2021,2021-09-05
615,6,9,2021,2021-09-06
616,7,9,2021,2021-09-07
617,8,9,2021,2021-09-08
618,9,9,2021,2021-09-09
619,10,9,2021,2021-09-10
620,11,9,2021,2021-09-11
621,12,9,2021,2021-09-12
622,13,9,2021,2021-09-13
623,14,9,2021,2021-09-14
624,15,9,2021,2021-09-15
625,16,9,2021,2021-09-16
626,17,9,2021,2021-09-17
627,18,9,2021,2021-09-18
628,19,9,2021,2021-09-19
629,20,9,2021,2021-09-20
630,21,9,2021,2021-09-21
631,22,9,2021,2021-09-22
632,23,9,2021,2021-09-23
633,24,9,2021,2021-09-24
634,25,9,2021,2021-09-25
635,26,9,2021,2021-09-26
636,27,9,2021,2021-09-27
637,28,9,2021,2021-09-28
638,29,9,2021,2021-09-29
639,30,9,2021,2021-09-30
640,1,10,2021,2021-10-01
641,2,10,2021,2021-10-02
642,3,10,2021,2021-10-03
643,4,10,2021,2021-10-04
644,5,10,2021,2021-10-05
645,6,10,2021,2021-10-06
646,7,10,2021,2021-10-07
647,8,10,2021,2021-10-08
648,9,10,2021,2021-10-09
649,10,10,2021,2021-10-10
650,11,10,2021,2021-10-11
651,12,10,2021,2021-10-12
652,13,10,2021,2021-10-13
653,14,10,2021,2021-10-14
654,15,10,2021,2021-10-15
655,16,10,2021,2021-10-16
656,17,10,2021,2021-10-17
657,18,10,2021,2021-10-18
658,19,10,2021,2021-10-19
659,20,10,2021,2021-10-20
660,21,10,2021,2021-10-21
661,22,10,2021,2021-10-22
662,23,10,2021,2021-10-23
663,24,10,2021,2021-10-24
664,25,10,2021,2021-10-25
665,26,10,2021,2021-10-26
666,27,10,2021,2021-10-27
667,28,10,2021,2021-10-28
668,29,10,2021,2021-10-29
669,30,10,2021,2021-10-30
670,31,10,2021,2021-10-31
671,1,11,2021,2021-11-01
672,2,11,2021,2021-11-02
673,3,11,2021,2021-11-03
674,4,11,2021,2021-11-04
675,5,11,2021,2021-11-05
676,6,11,2021,2021-11-06
677,7,11,2021,2021-11-07
678,8,11,2021,2021-11-08
679,9,11,2021,2021-11-09
680,10,11,2021,2021-11-10
681,11,11,2021,2021-11-11
682,12,11,2021,2021-11-12
683,13,11,2021,2021-11-13
684,14,11,2021,2021-11-14
685,15,11,2021,2021-11-15
686,16,11,2021,2021-11-16
687,17,11,2021,2021-11-17
688,18,11,2021,2021-11-18
689,19,11,2021,2021-11-19
690,20,11,2021,2021-11-20
691,21,11,2021,2021-11-21
692,22,11,2021,2021-11-22
693,23,11,2021,2021-11-23
694,24,11,2021,2021-11-24
695,25,11,2021,2021-11-25
696,26,11,2021,2021-11-26
697,27,11,2021,2021-11-27
698,28,11,2021,2021-11-28
699,29,11,2021,2021-11-29
700,30,11,2021,2021-11-30
701,1,12,2021,2021-12-01
702,2,12,2021,2021-12-02
703,3,12,2021,2021-12-03
704,4,12,2021,2021-12-04
705,5,12,2021,2021-12-05
706,6,12,2021,2021-12-06
707,7,12,2021,2021-12-07
708,8,12,2021,2021-12-08
709,9,12,2021,2021-12-09
710,10,12,2021,2021-12-10
711,11,12,2021,2021-12-11
712,12,12,2021,2021-12-12
713,13,12,2021,2021-12-13
714,14,12,2021,2021-12-14
715,15,12,2021,2021-12-15
716,16,12,2021,2021-12-16
717,17,12,2021,2021-12-17
718,18,12,2021,2021-12-18
719,19,12,2021,2021-12-19
720,20,12,2021,2021-12-20
721,21,12,2021,2021-12-21
722,22,12,2021,2021-12-22
723,23,12,2021,2021-12-23
724,24,12,2021,2021-12-24
725,25,12,2021,2021-12-25
726,26,12,2021,2021-12-26
727,27,12,2021,2021-12-27
728,28,12,2021,2021-12-28
729,29,12,2021,2021-12-29
730,30,12,2021,2021-12-30
731,31,12,2021,2021-12-31
732,1,1,2022,2022-01-01
733,2,1,2022,2022-01-02
734,3,1,2022,2022-01-03
735,4,1,2022,2022-01-04
736,5,1,2022,2022-01-05
737,6,1,2022,2022-01-06
738,7,1,2022,2022-01-07
739,8,1,2022,2022-01-08
740,9,1,2022,2022-01-09
741,10,1,2022,2022-01-10
742,11,1,2022,2022-01-11
743,12,1,2022,2022-01-12
744,13,1,2022,2022-01-13
745,14,1,2022,2022-01-14
746,15,1,2022,2022-01-15
747,16,1,2022,2022-01-16
748,17,1,2022,2022-01-17
749,18,1,2022,2022-01-18
750,19,1,2022,2022-01-19
751,20,1,2022,2022-01-20
752,21,1,2022,2022-01-21
753,22,1,2022,2022-01-22
754,23,1,2022,2022-01-23
755,24,1,2022,2022-01-24
756,25,1,2022,2022-01-25
757,26,1,2022,2022-01-26
758,27,1,2022,2022-01-27
759,28,1,2022,2022-01-28
760,29,1,2022,2022-01-29
761,30,1,2022,2022-01-30
762,31,1,2022,2022-01-31
763,1,2,2022,2022-02-01
764,2,2,2022,2022-02-02
765,3,2,2022,2022-02-03
766,4,2,2022,2022-02-04
767,5,2,2022,2022-02-05
768,6,2,2022,2022-02-06
769,7,2,2022,2022-02-07
770,8,2,2022,2022-02-08
771,9,2,2022,2022-02-09
772,10,2,2022,2022-02-10
773,11,2,2022,2022-02-11
774,12,2,2022,2022-02-12
775,13,2,2022,2022-02-13
776,14,2,2022,2022-02-14
777,15,2,2022,2022-02-15
778,16,2,2022,2022-02-16
779,17,2,2022,2022-02-17
780,18,2,2022,2022-02-18
781,19,2,2022,2022-02-19
782,20,2,2022,2022-02-20
783,21,2,2022,2022-02-21
784,22,2,2022,2022-02-22
785,23,2,2022,2022-02-23
786,24,2,2022,2022-02-24
787,25,2,2022,2022-02-25
788,26,2,2022,2022-02-26
789,27,2,2022,2022-02-27
790,28,2,2022,2022-02-28
791,1,3,2022,2022-03-01
792,2,3,2022,2022-03-02
793,3,3,2022,2022-03-03
794,4,3,2022,2022-03-04
795,5,3,2022,2022-03-05
796,6,3,2022,2022-03-06
797,7,3,2022,2022-03-07
798,8,3,2022,2022-03-08
799,9,3,2022,2022-03-09
800,10,3,2022,2022-03-10
801,11,3,2022,2022-03-11
802,12,3,2022,2022-03-12
803,13,3,2022,2022-03-13
804,14,3,2022,2022-03-14
805,15,3,2022,2022-03-15
806,16,3,2022,2022-03-16
807,17,3,2022,2022-03-17
808,18,3,2022,2022-03-18
809,19,3,2022,2022-03-19
810,20,3,2022,2022-03-20
811,21,3,2022,2022-03-21
812,22,3,2022,2022-03-22
813,23,3,2022,2022-03-23
814,24,3,2022,2022-03-24
815,25,3,2022,2022-03-25
816,26,3,2022,2022-03-26
817,27,3,2022,2022-03-27
818,28,3,2022,2022-03-28
819,29,3,2022,2022-03-29
820,30,3,2022,2022-03-30
821,31,3,2022,2022-03-31
822,1,4,2022,2022-04-01
823,2,4,2022,2022-04-02
824,3,4,2022,2022-04-03
825,4,4,2022,2022-04-04
826,5,4,2022,2022-04-05
827,6,4,2022,2022-04-06
828,7,4,2022,2022-04-07
829,8,4,2022,2022-04-08
830,9,4,2022,2022-04-09
831,10,4,2022,2022-04-10
832,11,4,2022,2022-04-11
833,12,4,2022,2022-04-12
834,13,4,2022,2022-04-13
835,14,4,2022,2022-04-14
836,15,4,2022,2022-04-15
837,16,4,2022,2022-04-16
838,17,4,2022,2022-04-17
839,18,4,2022,2022-04-18
840,19,4,2022,2022-04-19
841,20,4,2022,2022-04-20
842,21,4,2022,2022-04-21
843,22,4,2022,2022-04-22
844,23,4,2022,2022-04-23
845,24,4,2022,2022-04-24
846,25,4,2022,2022-04-25
847,26,4,2022,2022-04-26
848,27,4,2022,2022-04-27
849,28,4,2022,2022-04-28
850,29,4,2022,2022-04-29
851,30,4,2022,2022-04-30
852,1,5,2022,2022-05-01
853,2,5,2022,2022-05-02
854,3,5,2022,2022-05-03
855,4,5,2022,2022-05-04
856,5,5,2022,2022-05-05
857,6,5,2022,2022-05-06
858,7,5,2022,2022-05-07
859,8,5,2022,2022-05-08
860,9,5,2022,2022-05-09
861,10,5,2022,2022-05-10
862,11,5,2022,2022-05-11
863,12,5,2022,2022-05-12
864,13,5,2022,2022-05-13
865,14,5,2022,2022-05-14
866,15,5,2022,2022-05-15
867,16,5,2022,2022-05-16
868,17,5,2022,2022-05-17
869,18,5,2022,2022-05-18
870,19,5,2022,2022-05-19
871,20,5,2022,2022-05-20
872,21,5,2022,2022-05-21
873,22,5,2022,2022-05-22
874,23,5,2022,2022-05-23
875,24,5,2022,2022-05-24
876,25,5,2022,2022-05-25
877,26,5,2022,2022-05-26
878,27,5,2022,2022-05-27
879,28,5,2022,2022-05-28
880,29,5,2022,2022-05-29
881,30,5,2022,2022-05-30
882,31,5,2022,2022-05-31
883,1,6,2022,2022-06-01
884,2,6,2022,2022-06-02
885,3,6,2022,2022-06-03
886,4,6,2022,2022-06-04
887,5,6,2022,2022-06-05
888,6,6,2022,2022-06-06
889,7,6,2022,2022-06-07
890,8,6,2022,2022-06-08
891,9,6,2022,2022-06-09
892,10,6,2022,2022-06-10
893,11,6,2022,2022-06-11
894,12,6,2022,2022-06-12
895,13,6,2022,2022-06-13
896,14,6,2022,2022-06-14
897,15,6,2022,2022-06-15
898,16,6,2022,2022-06-16
899,17,6,2022,2022-06-17
900,18,6,2022,2022-06-18
901,19,6,2022,2022-06-19
902,20,6,2022,2022-06-20
903,21,6,2022,2022-06-21
904,22,6,2022,2022-06-22
905,23,6,2022,2022-06-23
906,24,6,2022,2022-06-24
907,25,6,2022,2022-06-25
908,26,6,2022,2022-06-26
909,27,6,2022,2022-06-27
910,28,6,2022,2022-06-28
911,29,6,2022,2022-06-29
912,30,6,2022,2022-06-30
913,1,7,2022,2022-07-01
914,2,7,2022,2022-07-02
915,3,7,2022,2022-07-03
916,4,7,2022,2022-07-04
917,5,7,2022,2022-07-05
918,6,7,2022,2022-07-06
919,7,7,2022,2022-07-07
920,8,7,2022,2022-07-08
921,9,7,2022,2022-07-09
922,10,7,2022,2022-07-10
923,11,7,2022,2022-07-11
924,12,7,2022,2022-07-12
925,13,7,2022,2022-07-13
926,14,7,2022,2022-07-14
927,15,7,2022,2022-07-15
928,16,7,2022,2022-07-16
929,17,7,2022,2022-07-17
930,18,7,2022,2022-07-18
931,19,7,2022,2022-07-19
932,20,7,2022,2022-07-20
933,21,7,2022,2022-07-21
934,22,7,2022,2022-07-22
935,23,7,2022,2022-07-23
936,24,7,2022,2022-07-24
937,25,7,2022,2022-07-25
938,26,7,2022,2022-07-26
939,27,7,2022,2022-07-27
940,28,7,2022,2022-07-28
941,29,7,2022,2022-07-29
942,30,7,2022,2022-07-30
943,31,7,2022,2022-07-31
944,1,8,2022,2022-08-01
945,2,8,2022,2022-08-02
946,3,8,2022,2022-08-03
947,4,8,2022,2022-08-04
948,5,8,2022,2022-08-05
949,6,8,2022,2022-08-06
950,7,8,2022,2022-08-07
951,8,8,2022,2022-08-08
952,9,8,2022,2022-08-09
953,10,8,2022,2022-08-10
954,11,8,2022,2022-08-11
955,12,8,2022,2022-08-12
956,13,8,2022,2022-08-13
957,14,8,2022,2022-08-14
958,15,8,2022,2022-08-15
959,16,8,2022,2022-08-16
960,17,8,2022,2022-08-17
961,18,8,2022,2022-08-18
962,19,8,2022,2022-08-19
963,20,8,2022,2022-08-20
964,21,8,2022,2022-08-21
965,22,8,2022,2022-08-22
966,23,8,2022,2022-08-23
967,24,8,2022,2022-08-24
968,25,8,2022,2022-08-25
969,26,8,2022,2022-08-26
970,27,8,2022,2022-08-27
971,28,8,2022,2022-08-28
972,29,8,2022,2022-08-29
973,30,8,2022,2022-08-30
974,31,8,2022,2022-08-31
975,1,9,2022,2022-09-01
976,2,9,2022,2022-09-02
977,3,9,2022,2022-09-03
978,4,9,2022,2022-09-04
979,5,9,2022,2022-09-05
980,6,9,2022,2022-09-06
981,7,9,2022,2022-09-07
982,8,9,2022,2022-09-08
983,9,9,2022,2022-09-09
984,10,9,2022,2022-09-10
985,11,9,2022,2022-09-11
986,12,9,2022,2022-09-12
987,13,9,2022,2022-09-13
988,14,9,2022,2022-09-14
989,15,9,2022,2022-09-15
990,16,9,2022,2022-09-16
991,17,9,2022,2022-09-17
992,18,9,2022,2022-09-18
993,19,9,2022,2022-09-19
994,20,9,2022,2022-09-20
995,21,9,2022,2022-09-21
996,22,9,2022,2022-09-22
997,23,9,2022,2022-09-23
998,24,9,2022,2022-09-24
999,25,9,2022,2022-09-25
1000,26,9,2022,2022-09-26
1001,27,9,2022,2022-09-27
1002,28,9,2022,2022-09-28
1003,29,9,2022,2022-09-29
1004,30,9,2022,2022-09-30
1005,1,10,2022,2022-10-01
1006,2,10,2022,2022-10-02
1007,3,10,2022,2022-10-03
1008,4,10,2022,2022-10-04
1009,5,10,2022,2022-10-05
1010,6,10,2022,2022-10-06
1011,7,10,2022,2022-10-07
1012,8,10,2022,2022-10-08
1013,9,10,2022,2022-10-09
1014,10,10,2022,2022-10-10
1015,11,10,2022,2022-10-11
1016,12,10,2022,2022-10-12
1017,13,10,2022,2022-10-13
1018,14,10,2022,2022-10-14
1019,15,10,2022,2022-10-15
1020,16,10,2022,2022-10-16
1021,17,10,2022,2022-10-17
1022,18,10,2022,2022-10-18
1023,19,10,2022,2022-10-19
1024,20,10,2022,2022-10-20
1025,21,10,2022,2022-10-21
1026,22,10,2022,2022-10-22
1027,23,10,2022,2022-10-23
1028,24,10,2022,2022-10-24
1029,25,10,2022,2022-10-25
1030,26,10,2022,2022-10-26
1031,27,10,2022,2022-10-27
1032,28,10,2022,2022-10-28
1033,29,10,2022,2022-10-29
1034,30,10,2022,2022-10-30
1035,31,10,2022,2022-10-31
1036,1,11,2022,2022-11-01
1037,2,11,2022,2022-11-02
1038,3,11,2022,2022-11-03
1039,4,11,2022,2022-11-04
1040,5,11,2022,2022-11-05
1041,6,11,2022,2022-11-06
1042,7,11,2022,2022-11-07
1043,8,11,2022,2022-11-08
1044,9,11,2022,2022-11-09
1045,10,11,2022,2022-11-10
1046,11,11,2022,2022-11-11
1047,12,11,2022,2022-11-12
1048,13,11,2022,2022-11-13
1049,14,11,2022,2022-11-14
1050,15,11,2022,2022-11-15
1051,16,11,2022,2022-11-16
1052,17,11,2022,2022-11-17
1053,18,11,2022,2022-11-18
1054,19,11,2022,2022-11-19
1055,20,11,2022,2022-11-20
1056,21,11,2022,2022-11-21
1057,22,11,2022,2022-11-22
1058,23,11,2022,2022-11-23
1059,24,11,2022,2022-11-24
1060,25,11,2022,2022-11-25
1061,26,11,2022,2022-11-26
1062,27,11,2022,2022-11-27
1063,28,11,2022,2022-11-28
1064,29,11,2022,2022-11-29
1065,30,11,2022,2022-11-30
1066,1,12,2022,2022-12-01
1067,2,12,2022,2022-12-02
1068,3,12,2022,2022-12-03
1069,4,12,2022,2022-12-04
1070,5,12,2022,2022-12-05
1071,6,12,2022,2022-12-06
1072,7,12,2022,2022-12-07
1073,8,12,2022,2022-12-08
1074,9,12,2022,2022-12-09
1075,10,12,2022,2022-12-10
1076,11,12,2022,2022-12-11
1077,12,12,2022,2022-12-12
1078,13,12,2022,2022-12-13
1079,14,12,2022,2022-12-14
1080,15,12,2022,2022-12-15
1081,16,12,2022,2022-12-16
1082,17,12,2022,2022-12-17
1083,18,12,2022,2022-12-18
1084,19,12,2022,2022-12-19
1085,20,12,2022,2022-12-20
1086,21,12,2022,2022-12-21
1087,22,12,2022,2022-12-22
1088,23,12,2022,2022-12-23
1089,24,12,2022,2022-12-24
1090,25,12,2022,2022-12-25
1091,26,12,2022,2022-12-26
1092,27,12,2022,2022-12-27
1093,28,12,2022,2022-12-28
1094,29,12,2022,2022-12-29
1095,30,12,2022,2022-12-30
1096,31,12,2022,2022-12-31
1097,1,1,2023,2023-01-01
1098,2,1,2023,2023-01-02
1099,3,1,2023,2023-01-03
1100,4,1,2023,2023-01-04
1101,5,1,2023,2023-01-05
1102,6,1,2023,2023-01-06
1103,7,1,2023,2023-01-07
1104,8,1,2023,2023-01-08
1105,9,1,2023,2023-01-09
1106,10,1,2023,2023-01-10
1107,11,1,2023,2023-01-11
1108,12,1,2023,2023-01-12
1109,13,1,2023,2023-01-13
1110,14,1,2023,2023-01-14
1111,15,1,2023,2023-01-15
1112,16,1,2023,2023-01-16
1113,17,1,2023,2023-01-17
1114,18,1,2023,2023-01-18
1115,19,1,2023,2023-01-19
1116,20,1,2023,2023-01-20
1117,21,1,2023,2023-01-21
1118,22,1,2023,2023-01-22
1119,23,1,2023,2023-01-23
1120,24,1,2023,2023-01-24
1121,25,1,2023,2023-01-25
1122,26,1,2023,2023-01-26
1123,27,1,2023,2023-01-27
1124,28,1,2023,2023-01-28
1125,29,1,2023,2023-01-29
1126,30,1,2023,2023-01-30
1127,31,1,2023,2023-01-31
1128,1,2,2023,2023-02-01
1129,2,2,2023,2023-02-02
1130,3,2,2023,2023-02-03
1131,4,2,2023,2023-02-04
1132,5,2,2023,2023-02-05
1133,6,2,2023,2023-02-06
1134,7,2,2023,2023-02-07
1135,8,2,2023,2023-02-08
1136,9,2,2023,2023-02-09
1137,10,2,2023,2023-02-10
1138,11,2,2023,2023-02-11
1139,12,2,2023,2023-02-12
1140,13,2,2023,2023-02-13
1141,14,2,2023,2023-02-14
1142,15,2,2023,2023-02-15
1143,16,2,2023,2023-02-16
1144,17,2,2023,2023-02-17
1145,18,2,2023,2023-02-18
1146,19,2,2023,2023-02-19
1147,20,2,2023,2023-02-20
1148,21,2,2023,2023-02-21
1149,22,2,2023,2023-02-22
1150,23,2,2023,2023-02-23
1151,24,2,2023,2023-02-24
1152,25,2,2023,2023-02-25
1153,26,2,2023,2023-02-26
1154,27,2,2023,2023-02-27
1155,28,2,2023,2023-02-28
1156,1,3,2023,2023-03-01
1157,2,3,2023,2023-03-02
1158,3,3,2023,2023-03-03
1159,4,3,2023,2023-03-04
1160,5,3,2023,2023-03-05
1161,6,3,2023,2023-03-06
1162,7,3,2023,2023-03-07
1163,8,3,2023,2023-03-08
1164,9,3,2023,2023-03-09
1165,10,3,2023,2023-03-10
1166,11,3,2023,2023-03-11
1167,12,3,2023,2023-03-12
1168,13,3,2023,2023-03-13
1169,14,3,2023,2023-03-14
1170,15,3,2023,2023-03-15
1171,16,3,2023,2023-03-16
1172,17,3,2023,2023-03-17
1173,18,3,2023,2023-03-18
1174,19,3,2023,2023-03-19
1175,20,3,2023,2023-03-20
1176,21,3,2023,2023-03-21
1177,22,3,2023,2023-03-22
1178,23,3,2023,2023-03-23
1179,24,3,2023,2023-03-24
1180,25,3,2023,2023-03-25
1181,26,3,2023,2023-03-26
1182,27,3,2023,2023-03-27
1183,28,3,2023,2023-03-28
1184,29,3,2023,2023-03-29
1185,30,3,2023,2023-03-30
1186,31,3,2023,2023-03-31
1187,1,4,2023,2023-04-01
1188,2,4,2023,2023-04-02
1189,3,4,2023,2023-04-03
1190,4,4,2023,2023-04-04
1191,5,4,2023,2023-04-05
1192,6,4,2023,2023-04-06
1193,7,4,2023,2023-04-07
1194,8,4,2023,2023-04-08
1195,9,4,2023,2023-04-09
1196,10,4,2023,2023-04-10
1197,11,4,2023,2023-04-11
1198,12,4,2023,2023-04-12
1199,13,4,2023,2023-04-13
1200,14,4,2023,2023-04-14
1201,15,4,2023,2023-04-15
1202,16,4,2023,2023-04-16
1203,17,4,2023,2023-04-17
1204,18,4,2023,2023-04-18
1205,19,4,2023,2023-04-19
1206,20,4,2023,2023-04-20
1207,21,4,2023,2023-04-21
1208,22,4,2023,2023-04-22
1209,23,4,2023,2023-04-23
1210,24,4,2023,2023-04-24
1211,25,4,2023,2023-04-25
1212,26,4,2023,2023-04-26
1213,27,4,2023,2023-04-27
1214,28,4,2023,2023-04-28
1215,29,4,2023,2023-04-29
1216,30,4,2023,2023-04-30
1217,1,5,2023,2023-05-01
1218,2,5,2023,2023-05-02
1219,3,5,2023,2023-05-03
1220,4,5,2023,2023-05-04
1221,5,5,2023,2023-05-05
1222,6,5,2023,2023-05-06
1223,7,5,2023,2023-05-07
1224,8,5,2023,2023-05-08
1225,9,5,2023,2023-05-09
1226,10,5,2023,2023-05-10
1227,11,5,2023,2023-05-11
1228,12,5,2023,2023-05-12
1229,13,5,2023,2023-05-13
1230,14,5,2023,2023-05-14
1231,15,5,2023,2023-05-15
1232,16,5,2023,2023-05-16
1233,17,5,2023,2023-05-17
1234,18,5,2023,2023-05-18
1235,19,5,2023,2023-05-19
1236,20,5,2023,2023-05-20
1237,21,5,2023,2023-05-21
1238,22,5,2023,2023-05-22
1239,23,5,2023,2023-05-23
1240,24,5,2023,2023-05-24
1241,25,5,2023,2023-05-25
1242,26,5,2023,2023-05-26
1243,27,5,2023,2023-05-27
1244,28,5,2023,2023-05-28
1245,29,5,2023,2023-05-29
1246,30,5,2023,2023-05-30
1247,31,5,2023,2023-05-31
1248,1,6,2023,2023-06-01
1249,2,6,2023,2023-06-02
1250,3,6,2023,2023-06-03
1251,4,6,2023,2023-06-04
1252,5,6,2023,2023-06-05
1253,6,6,2023,2023-06-06
1254,7,6,2023,2023-06-07
1255,8,6,2023,2023-06-08
1256,9,6,2023,2023-06-09
1257,10,6,2023,2023-06-10
1258,11,6,2023,2023-06-11
1259,12,6,2023,2023-06-12
1260,13,6,2023,2023-06-13
1261,14,6,2023,2023-06-14
1262,15,6,2023,2023-06-15
1263,16,6,2023,2023-06-16
1264,17,6,2023,2023-06-17
1265,18,6,2023,2023-06-18
1266,19,6,2023,2023-06-19
1267,20,6,2023,2023-06-20
1268,21,6,2023,2023-06-21
1269,22,6,2023,2023-06-22
1270,23,6,2023,2023-06-23
1271,24,6,2023,2023-06-24
1272,25,6,2023,2023-06-25
1273,26,6,2023,2023-06-26
1274,27,6,2023,2023-06-27
1275,28,6,2023,2023-06-28
1276,29,6,2023,2023-06-29
1277,30,6,2023,2023-06-30
1278,1,7,2023,2023-07-01
1279,2,7,2023,2023-07-02
1280,3,7,2023,2023-07-03
1281,4,7,2023,2023-07-04
1282,5,7,2023,2023-07-05
1283,6,7,2023,2023-07-06
1284,7,7,2023,2023-07-07
1285,8,7,2023,2023-07-08
1286,9,7,2023,2023-07-09
1287,10,7,2023,2023-07-10
1288,11,7,2023,2023-07-11
1289,12,7,2023,2023-07-12
1290,13,7,2023,2023-07-13
1291,14,7,2023,2023-07-14
1292,15,7,2023,2023-07-15
1293,16,7,2023,2023-07-16
1294,17,7,2023,2023-07-17
1295,18,7,2023,2023-07-18
1296,19,7,2023,2023-07-19
1297,20,7,2023,2023-07-20
1298,21,7,2023,2023-07-21
1299,22,7,2023,2023-07-22
1300,23,7,2023,2023-07-23
1301,24,7,2023,2023-07-24
1302,25,7,2023,2023-07-25
1303,26,7,2023,2023-07-26
1304,27,7,2023,2023-07-27
1305,28,7,2023,2023-07-28
1306,29,7,2023,2023-07-29
1307,30,7,2023,2023-07-30
1308,31,7,2023,2023-07-31
1309,1,8,2023,2023-08-01
1310,2,8,2023,2023-08-02
1311,3,8,2023,2023-08-03
1312,4,8,2023,2023-08-04
1313,5,8,2023,2023-08-05
1314,6,8,2023,2023-08-06
1315,7,8,2023,2023-08-07
1316,8,8,2023,2023-08-08
1317,9,8,2023,2023-08-09
1318,10,8,2023,2023-08-10
1319,11,8,2023,2023-08-11
1320,12,8,2023,2023-08-12
1321,13,8,2023,2023-08-13
1322,14,8,2023,2023-08-14
1323,15,8,2023,2023-08-15
1324,16,8,2023,2023-08-16
1325,17,8,2023,2023-08-17
1326,18,8,2023,2023-08-18
1327,19,8,2023,2023-08-19
1328,20,8,2023,2023-08-20
1329,21,8,2023,2023-08-21
1330,22,8,2023,2023-08-22
1331,23,8,2023,2023-08-23
1332,24,8,2023,2023-08-24
1333,25,8,2023,2023-08-25
1334,26,8,2023,2023-08-26
1335,27,8,2023,2023-08-27
1336,28,8,2023,2023-08-28
1337,29,8,2023,2023-08-29
1338,30,8,2023,2023-08-30
1339,31,8,2023,2023-08-31
1340,1,9,2023,2023-09-01
1341,2,9,2023,2023-09-02
1342,3,9,2023,2023-09-03
1343,4,9,2023,2023-09-04
1344,5,9,2023,2023-09-05
1345,6,9,2023,2023-09-06
1346,7,9,2023,2023-09-07
1347,8,9,2023,2023-09-08
1348,9,9,2023,2023-09-09
1349,10,9,2023,2023-09-10
1350,11,9,2023,2023-09-11
1351,12,9,2023,2023-09-12
1352,13,9,2023,2023-09-13
1353,14,9,2023,2023-09-14
1354,15,9,2023,2023-09-15
1355,16,9,2023,2023-09-16
1356,17,9,2023,2023-09-17
1357,18,9,2023,2023-09-18
1358,19,9,2023,2023-09-19
1359,20,9,2023,2023-09-20
1360,21,9,2023,2023-09-21
1361,22,9,2023,2023-09-22
1362,23,9,2023,2023-09-23
1363,24,9,2023,2023-09-24
1364,25,9,2023,2023-09-25
1365,26,9,2023,2023-09-26
1366,27,9,2023,2023-09-27
1367,28,9,2023,2023-09-28
1368,29,9,2023,2023-09-29
1369,30,9,2023,2023-09-30
1370,1,10,2023,2023-10-01
1371,2,10,2023,2023-10-02
1372,3,10,2023,2023-10-03
1373,4,10,2023,2023-10-04
1374,5,10,2023,2023-10-05
1375,6,10,2023,2023-10-06
1376,7,10,2023,2023-10-07
1377,8,10,2023,2023-10-08
1378,9,10,2023,2023-10-09
1379,10,10,2023,2023-10-10
1380,11,10,2023,2023-10-11
1381,12,10,2023,2023-10-12
1382,13,10,2023,2023-10-13
1383,14,10,2023,2023-10-14
1384,15,10,2023,2023-10-15
1385,16,10,2023,2023-10-16
1386,17,10,2023,2023-10-17
1387,18,10,2023,2023-10-18
1388,19,10,2023,2023-10-19
1389,20,10,2023,2023-10-20
1390,21,10,2023,2023-10-21
1391,22,10,2023,2023-10-22
1392,23,10,2023,2023-10-23
1393,24,10,2023,2023-10-24
1394,25,10,2023,2023-10-25
1395,26,10,2023,2023-10-26
1396,27,10,2023,2023-10-27
1397,28,10,2023,2023-10-28
1398,29,10,2023,2023-10-29
1399,30,10,2023,2023-10-30
1400,31,10,2023,2023-10-31
1401,1,11,2023,2023-11-01
1402,2,11,2023,2023-11-02
1403,3,11,2023,2023-11-03
1404,4,11,2023,2023-11-04
1405,5,11,2023,2023-11-05
1406,6,11,2023,2023-11-06
1407,7,11,2023,2023-11-07
1408,8,11,2023,2023-11-08
1409,9,11,2023,2023-11-09
1410,10,11,2023,2023-11-10
1411,11,11,2023,2023-11-11
1412,12,11,2023,2023-11-12
1413,13,11,2023,2023-11-13
1414,14,11,2023,2023-11-14
1415,15,11,2023,2023-11-15
1416,16,11,2023,2023-11-16
1417,17,11,2023,2023-11-17
1418,18,11,2023,2023-11-18
1419,19,11,2023,2023-11-19
1420,20,11,2023,2023-11-20
1421,21,11,2023,2023-11-21
1422,22,11,2023,2023-11-22
1423,23,11,2023,2023-11-23
1424,24,11,2023,2023-11-24
1425,25,11,2023,2023-11-25
1426,26,11,2023,2023-11-26
1427,27,11,2023,2023-11-27
1428,28,11,2023,2023-11-28
1429,29,11,2023,2023-11-29
1430,30,11,2023,2023-11-30
1431,1,12,2023,2023-12-01
1432,2,12,2023,2023-12-02
1433,3,12,2023,2023-12-03
1434,4,12,2023,2023-12-04
1435,5,12,2023,2023-12-05
1436,6,12,2023,2023-12-06
1437,7,12,2023,2023-12-07
1438,8,12,2023,2023-12-08
1439,9,12,2023,2023-12-09
1440,10,12,2023,2023-12-10
1441,11,12,2023,2023-12-11
1442,12,12,2023,2023-12-12
1443,13,12,2023,2023-12-13
1444,14,12,2023,2023-12-14
1445,15,12,2023,2023-12-15
1446,16,12,2023,2023-12-16
1447,17,12,2023,2023-12-17
1448,18,12,2023,2023-12-18
1449,19,12,2023,2023-12-19
1450,20,12,2023,2023-12-20
1451,21,12,2023,2023-12-21
1452,22,12,2023,2023-12-22
1453,23,12,2023,2023-12-23
1454,24,12,2023,2023-12-24
1455,25,12,2023,2023-12-25
1456,26,12,2023,2023-12-26
1457,27,12,2023,2023-12-27
1458,28,12,2023,2023-12-28
1459,29,12,2023,2023-12-29
1460,30,12,2023,2023-12-30
1461,31,12,2023,2023-12-31
1462,1,1,2024,2024-01-01
1463,2,1,2024,2024-01-02
1464,3,1,2024,2024-01-03
1465,4,1,2024,2024-01-04
1466,5,1,2024,2024-01-05
1467,6,1,2024,2024-01-06
1468,7,1,2024,2024-01-07
1469,8,1,2024,2024-01-08
1470,9,1,2024,2024-01-09
1471,10,1,2024,2024-01-10
1472,11,1,2024,2024-01-11
1473,12,1,2024,2024-01-12
1474,13,1,2024,2024-01-13
1475,14,1,2024,2024-01-14
1476,15,1,2024,2024-01-15
1477,16,1,2024,2024-01-16
1478,17,1,2024,2024-01-17
1479,18,1,2024,2024-01-18
1480,19,1,2024,2024-01-19
1481,20,1,2024,2024-01-20
1482,21,1,2024,2024-01-21
1483,22,1,2024,2024-01-22
1484,23,1,2024,2024-01-23
1485,24,1,2024,2024-01-24
1486,25,1,2024,2024-01-25
1487,26,1,2024,2024-01-26
1488,27,1,2024,2024-01-27
1489,28,1,2024,2024-01-28
1490,29,1,2024,2024-01-29
1491,30,1,2024,2024-01-30
1492,31,1,2024,2024-01-31
1493,1,2,2024,2024-02-01
1494,2,2,2024,2024-02-02
1495,3,2,2024,2024-02-03
1496,4,2,2024,2024-02-04
1497,5,2,2024,2024-02-05
1498,6,2,2024,2024-02-06
1499,7,2,2024,2024-02-07
1500,8,2,2024,2024-02-08
1501,9,2,2024,2024-02-09
1502,10,2,2024,2024-02-10
1503,11,2,2024,2024-02-11
1504,12,2,2024,2024-02-12
1505,13,2,2024,2024-02-13
1506,14,2,2024,2024-02-14
1507,15,2,2024,2024-02-15
1508,16,2,2024,2024-02-16
1509,17,2,2024,2024-02-17
1510,18,2,2024,2024-02-18
1511,19,2,2024,2024-02-19
1512,20,2,2024,2024-02-20
1513,21,2,2024,2024-02-21
1514,22,2,2024,2024-02-22
1515,23,2,2024,2024-02-23
1516,24,2,2024,2024-02-24
1517,25,2,2024,2024-02-25
1518,26,2,2024,2024-02-26
1519,27,2,2024,2024-02-27
1520,28,2,2024,2024-02-28
1521,29,2,2024,2024-02-29
1522,1,3,2024,2024-03-01
1523,2,3,2024,2024-03-02
1524,3,3,2024,2024-03-03
1525,4,3,2024,2024-03-04
1526,5,3,2024,2024-03-05
1527,6,3,2024,2024-03-06
1528,7,3,2024,2024-03-07
1529,8,3,2024,2024-03-08
1530,9,3,2024,2024-03-09
1531,10,3,2024,2024-03-10
1532,11,3,2024,2024-03-11
1533,12,3,2024,2024-03-12
1534,13,3,2024,2024-03-13
1535,14,3,2024,2024-03-14
1536,15,3,2024,2024-03-15
1537,16,3,2024,2024-03-16
1538,17,3,2024,2024-03-17
1539,18,3,2024,2024-03-18
1540,19,3,2024,2024-03-19
1541,20,3,2024,2024-03-20
1542,21,3,2024,2024-03-21
1543,22,3,2024,2024-03-22
1544,23,3,2024,2024-03-23
1545,24,3,2024,2024-03-24
1546,25,3,2024,2024-03-25
1547,26,3,2024,2024-03-26
1548,27,3,2024,2024-03-27
1549,28,3,2024,2024-03-28
1550,29,3,2024,2024-03-29
1551,30,3,2024,2024-03-30
1552,31,3,2024,2024-03-31
1553,1,4,2024,2024-04-01
1554,2,4,2024,2024-04-02
1555,3,4,2024,2024-04-03
1556,4,4,2024,2024-04-04
1557,5,4,2024,2024-04-05
1558,6,4,2024,2024-04-06
1559,7,4,2024,2024-04-07
1560,8,4,2024,2024-04-08
1561,9,4,2024,2024-04-09
1562,10,4,2024,2024-04-10
1563,11,4,2024,2024-04-11
1564,12,4,2024,2024-04-12
1565,13,4,2024,2024-04-13
1566,14,4,2024,2024-04-14
1567,15,4,2024,2024-04-15
1568,16,4,2024,2024-04-16
1569,17,4,2024,2024-04-17
1570,18,4,2024,2024-04-18
1571,19,4,2024,2024-04-19
1572,20,4,2024,2024-04-20
1573,21,4,2024,2024-04-21
1574,22,4,2024,2024-04-22
1575,23,4,2024,2024-04-23
1576,24,4,2024,2024-04-24
1577,25,4,2024,2024-04-25
1578,26,4,2024,2024-04-26
1579,27,4,2024,2024-04-27
1580,28,4,2024,2024-04-28
1581,29,4,2024,2024-04-29
1582,30,4,2024,2024-04-30
1583,1,5,2024,2024-05-01
1584,2,5,2024,2024-05-02
1585,3,5,2024,2024-05-03
1586,4,5,2024,2024-05-04
1587,5,5,2024,2024-05-05
1588,6,5,2024,2024-05-06
1589,7,5,2024,2024-05-07
1590,8,5,2024,2024-05-08
1591,9,5,2024,2024-05-09
1592,10,5,2024,2024-05-10
1593,11,5,2024,2024-05-11
1594,12,5,2024,2024-05-12
1595,13,5,2024,2024-05-13
1596,14,5,2024,2024-05-14
1597,15,5,2024,2024-05-15
1598,16,5,2024,2024-05-16
1599,17,5,2024,2024-05-17
1600,18,5,2024,2024-05-18
1601,19,5,2024,2024-05-19
1602,20,5,2024,2024-05-20
1603,21,5,2024,2024-05-21
1604,22,5,2024,2024-05-22
1605,23,5,2024,2024-05-23
1606,24,5,2024,2024-05-24
1607,25,5,2024,2024-05-25
1608,26,5,2024,2024-05-26
1609,27,5,2024,2024-05-27
1610,28,5,2024,2024-05-28
1611,29,5,2024,2024-05-29
1612,30,5,2024,2024-05-30
1613,31,5,2024,2024-05-31
1614,1,6,2024,2024-06-01
1615,2,6,2024,2024-06-02
1616,3,6,2024,2024-06-03
1617,4,6,2024,2024-06-04
1618,5,6,2024,2024-06-05
1619,6,6,2024,2024-06-06
1620,7,6,2024,2024-06-07
1621,8,6,2024,2024-06-08
1622,9,6,2024,2024-06-09
1623,10,6,2024,2024-06-10
1624,11,6,2024,2024-06-11
1625,12,6,2024,2024-06-12
1626,13,6,2024,2024-06-13
1627,14,6,2024,2024-06-14
1628,15,6,2024,2024-06-15
1629,16,6,2024,2024-06-16
1630,17,6,2024,2024-06-17
1631,18,6,2024,2024-06-18
1632,19,6,2024,2024-06-19
1633,20,6,2024,2024-06-20
1634,21,6,2024,2024-06-21
1635,22,6,2024,2024-06-22
1636,23,6,2024,2024-06-23
1637,24,6,2024,2024-06-24
1638,25,6,2024,2024-06-25
1639,26,6,2024,2024-06-26
1640,27,6,2024,2024-06-27
1641,28,6,2024,2024-06-28
1642,29,6,2024,2024-06-29
1643,30,6,2024,2024-06-30
1644,1,7,2024,2024-07-01
1645,2,7,2024,2024-07-02
1646,3,7,2024,2024-07-03
1647,4,7,2024,2024-07-04
1648,5,7,2024,2024-07-05
1649,6,7,2024,2024-07-06
1650,7,7,2024,2024-07-07
1651,8,7,2024,2024-07-08
1652,9,7,2024,2024-07-09
1653,10,7,2024,2024-07-10
1654,11,7,2024,2024-07-11
1655,12,7,2024,2024-07-12
1656,13,7,2024,2024-07-13
1657,14,7,2024,2024-07-14
1658,15,7,2024,2024-07-15
1659,16,7,2024,2024-07-16
1660,17,7,2024,2024-07-17
1661,18,7,2024,2024-07-18
1662,19,7,2024,2024-07-19
1663,20,7,2024,2024-07-20
1664,21,7,2024,2024-07-21
1665,22,7,2024,2024-07-22
1666,23,7,2024,2024-07-23
1667,24,7,2024,2024-07-24
1668,25,7,2024,2024-07-25
1669,26,7,2024,2024-07-26
1670,27,7,2024,2024-07-27
1671,28,7,2024,2024-07-28
1672,29,7,2024,2024-07-29
1673,30,7,2024,2024-07-30
1674,31,7,2024,2024-07-31
1675,1,8,2024,2024-08-01
1676,2,8,2024,2024-08-02
1677,3,8,2024,2024-08-03
1678,4,8,2024,2024-08-04
1679,5,8,2024,2024-08-05
1680,6,8,2024,2024-08-06
1681,7,8,2024,2024-08-07
1682,8,8,2024,2024-08-08
1683,9,8,2024,2024-08-09
1684,10,8,2024,2024-08-10
1685,11,8,2024,2024-08-11
1686,12,8,2024,2024-08-12
1687,13,8,2024,2024-08-13
1688,14,8,2024,2024-08-14
1689,15,8,2024,2024-08-15
1690,16,8,2024,2024-08-16
1691,17,8,2024,2024-08-17
1692,18,8,2024,2024-08-18
1693,19,8,2024,2024-08-19
1694,20,8,2024,2024-08-20
1695,21,8,2024,2024-08-21
1696,22,8,2024,2024-08-22
1697,23,8,2024,2024-08-23
1698,24,8,2024,2024-08-24
1699,25,8,2024,2024-08-25
1700,26,8,2024,2024-08-26
1701,27,8,2024,2024-08-27
1702,28,8,2024,2024-08-28
1703,29,8,2024,2024-08-29
1704,30,8,2024,2024-08-30
1705,31,8,2024,2024-08-31
1706,1,9,2024,2024-09-01
1707,2,9,2024,2024-09-02
1708,3,9,2024,2024-09-03
1709,4,9,2024,2024-09-04
1710,5,9,2024,2024-09-05
1711,6,9,2024,2024-09-06
1712,7,9,2024,2024-09-07
1713,8,9,2024,2024-09-08
1714,9,9,2024,2024-09-09
1715,10,9,2024,2024-09-10
1716,11,9,2024,2024-09-11
1717,12,9,2024,2024-09-12
1718,13,9,2024,2024-09-13
1719,14,9,2024,2024-09-14
1720,15,9,2024,2024-09-15
1721,16,9,2024,2024-09-16
1722,17,9,2024,2024-09-17
1723,18,9,2024,2024-09-18
1724,19,9,2024,2024-09-19
1725,20,9,2024,2024-09-20
1726,21,9,2024,2024-09-21
1727,22,9,2024,2024-09-22
1728,23,9,2024,2024-09-23
1729,24,9,2024,2024-09-24
1730,25,9,2024,2024-09-25
1731,26,9,2024,2024-09-26
1732,27,9,2024,2024-09-27
1733,28,9,2024,2024-09-28
1734,29,9,2024,2024-09-29
1735,30,9,2024,2024-09-30
1736,1,10,2024,2024-10-01
1737,2,10,2024,2024-10-02
1738,3,10,2024,2024-10-03
1739,4,10,2024,2024-10-04
1740,5,10,2024,2024-10-05
1741,6,10,2024,2024-10-06
1742,7,10,2024,2024-10-07
1743,8,10,2024,2024-10-08
1744,9,10,2024,2024-10-09
1745,10,10,2024,2024-10-10
1746,11,10,2024,2024-10-11
1747,12,10,2024,2024-10-12
1748,13,10,2024,2024-10-13
1749,14,10,2024,2024-10-14
1750,15,10,2024,2024-10-15
1751,16,10,2024,2024-10-16
1752,17,10,2024,2024-10-17
1753,18,10,2024,2024-10-18
1754,19,10,2024,2024-10-19
1755,20,10,2024,2024-10-20
1756,21,10,2024,2024-10-21
1757,22,10,2024,2024-10-22
1758,23,10,2024,2024-10-23
1759,24,10,2024,2024-10-24
1760,25,10,2024,2024-10-25
1761,26,10,2024,2024-10-26
1762,27,10,2024,2024-10-27
1763,28,10,2024,2024-10-28
1764,29,10,2024,2024-10-29
1765,30,10,2024,2024-10-30
1766,31,10,2024,2024-10-31
1767,1,11,2024,2024-11-01
1768,2,11,2024,2024-11-02
1769,3,11,2024,2024-11-03
1770,4,11,2024,2024-11-04
1771,5,11,2024,2024-11-05
1772,6,11,2024,2024-11-06
1773,7,11,2024,2024-11-07
1774,8,11,2024,2024-11-08
1775,9,11,2024,2024-11-09
1776,10,11,2024,2024-11-10
1777,11,11,2024,2024-11-11
1778,12,11,2024,2024-11-12
1779,13,11,2024,2024-11-13
1780,14,11,2024,2024-11-14
1781,15,11,2024,2024-11-15
1782,16,11,2024,2024-11-16
1783,17,11,2024,2024-11-17
1784,18,11,2024,2024-11-18
1785,19,11,2024,2024-11-19
1786,20,11,2024,2024-11-20
1787,21,11,2024,2024-11-21
1788,22,11,2024,2024-11-22
1789,23,11,2024,2024-11-23
1790,24,11,2024,2024-11-24
1791,25,11,2024,2024-11-25
1792,26,11,2024,2024-11-26
1793,27,11,2024,2024-11-27
1794,28,11,2024,2024-11-28
1795,29,11,2024,2024-11-29
1796,30,11,2024,2024-11-30
1797,1,12,2024,2024-12-01
1798,2,12,2024,2024-12-02
1799,3,12,2024,2024-12-03
1800,4,12,2024,2024-12-04
1801,5,12,2024,2024-12-05
1802,6,12,2024,2024-12-06
1803,7,12,2024,2024-12-07
1804,8,12,2024,2024-12-08
1805,9,12,2024,2024-12-09
1806,10,12,2024,2024-12-10
1807,11,12,2024,2024-12-11
1808,12,12,2024,2024-12-12
1809,13,12,2024,2024-12-13
1810,14,12,2024,2024-12-14
1811,15,12,2024,2024-12-15
1812,16,12,2024,2024-12-16
1813,17,12,2024,2024-12-17
1814,18,12,2024,2024-12-18
1815,19,12,2024,2024-12-19
1816,20,12,2024,2024-12-20
1817,21,12,2024,2024-12-21
1818,22,12,2024,2024-12-22
1819,23,12,2024,2024-12-23
1820,24,12,2024,2024-12-24
1821,25,12,2024,2024-12-25
1822,26,12,2024,2024-12-26
1823,27,12,2024,2024-12-27
1824,28,12,2024,2024-12-28
1825,29,12,2024,2024-12-29
1826,30,12,2024,2024-12-30
1827,31,12,2024,2024-12-31
1828,1,1,2025,2025-01-01
1829,2,1,2025,2025-01-02
1830,3,1,2025,2025-01-03
1831,4,1,2025,2025-01-04
1832,5,1,2025,2025-01-05
1833,6,1,2025,2025-01-06
1834,7,1,2025,2025-01-07
1835,8,1,2025,2025-01-08
1836,9,1,2025,2025-01-09
1837,10,1,2025,2025-01-10
1838,11,1,2025,2025-01-11
1839,12,1,2025,2025-01-12
1840,13,1,2025,2025-01-13
1841,14,1,2025,2025-01-14
1842,15,1,2025,2025-01-15
1843,16,1,2025,2025-01-16
1844,17,1,2025,2025-01-17
1845,18,1,2025,2025-01-18
1846,19,1,2025,2025-01-19
1847,20,1,2025,2025-01-20
1848,21,1,2025,2025-01-21
1849,22,1,2025,2025-01-22
1850,23,1,2025,2025-01-23
1851,24,1,2025,2025-01-24
1852,25,1,2025,2025-01-25
1853,26,1,2025,2025-01-26
1854,27,1,2025,2025-01-27
1855,28,1,2025,2025-01-28
1856,29,1,2025,2025-01-29
1857,30,1,2025,2025-01-30
1858,31,1,2025,2025-01-31
1859,1,2,2025,2025-02-01
1860,2,2,2025,2025-02-02
1861,3,2,2025,2025-02-03
1862,4,2,2025,2025-02-04
1863,5,2,2025,2025-02-05
1864,6,2,2025,2025-02-06
1865,7,2,2025,2025-02-07
1866,8,2,2025,2025-02-08
1867,9,2,2025,2025-02-09
1868,10,2,2025,2025-02-10
1869,11,2,2025,2025-02-11
1870,12,2,2025,2025-02-12
1871,13,2,2025,2025-02-13
1872,14,2,2025,2025-02-14
1873,15,2,2025,2025-02-15
1874,16,2,2025,2025-02-16
1875,17,2,2025,2025-02-17
1876,18,2,2025,2025-02-18
1877,19,2,2025,2025-02-19
1878,20,2,2025,2025-02-20
1879,21,2,2025,2025-02-21
1880,22,2,2025,2025-02-22
1881,23,2,2025,2025-02-23
1882,24,2,2025,2025-02-24
1883,25,2,2025,2025-02-25
1884,26,2,2025,2025-02-26
1885,27,2,2025,2025-02-27
1886,28,2,2025,2025-02-28
1887,1,3,2025,2025-03-01
1888,2,3,2025,2025-03-02
1889,3,3,2025,2025-03-03
1890,4,3,2025,2025-03-04
1891,5,3,2025,2025-03-05
1892,6,3,2025,2025-03-06
1893,7,3,2025,2025-03-07
1894,8,3,2025,2025-03-08
1895,9,3,2025,2025-03-09
1896,10,3,2025,2025-03-10
1897,11,3,2025,2025-03-11
1898,12,3,2025,2025-03-12
1899,13,3,2025,2025-03-13
1900,14,3,2025,2025-03-14
1901,15,3,2025,2025-03-15
1902,16,3,2025,2025-03-16
1903,17,3,2025,2025-03-17
1904,18,3,2025,2025-03-18
1905,19,3,2025,2025-03-19
1906,20,3,2025,2025-03-20
1907,21,3,2025,2025-03-21
1908,22,3,2025,2025-03-22
1909,23,3,2025,2025-03-23
1910,24,3,2025,2025-03-24
1911,25,3,2025,2025-03-25
1912,26,3,2025,2025-03-26
1913,27,3,2025,2025-03-27
1914,28,3,2025,2025-03-28
1915,29,3,2025,2025-03-29
1916,30,3,2025,2025-03-30
1917,31,3,2025,2025-03-31
1918,1,4,2025,2025-04-01
1919,2,4,2025,2025-04-02
1920,3,4,2025,2025-04-03
1921,4,4,2025,2025-04-04
1922,5,4,2025,2025-04-05
1923,6,4,2025,2025-04-06
1924,7,4,2025,2025-04-07
1925,8,4,2025,2025-04-08
1926,9,4,2025,2025-04-09
1927,10,4,2025,2025-04-10
1928,11,4,2025,2025-04-11
1929,12,4,2025,2025-04-12
1930,13,4,2025,2025-04-13
1931,14,4,2025,2025-04-14
1932,15,4,2025,2025-04-15
1933,16,4,2025,2025-04-16
1934,17,4,2025,2025-04-17
1935,18,4,2025,2025-04-18
1936,19,4,2025,2025-04-19
1937,20,4,2025,2025-04-20
1938,21,4,2025,2025-04-21
1939,22,4,2025,2025-04-22
1940,23,4,2025,2025-04-23
1941,24,4,2025,2025-04-24
1942,25,4,2025,2025-04-25
1943,26,4,2025,2025-04-26
1944,27,4,2025,2025-04-27
1945,28,4,2025,2025-04-28
1946,29,4,2025,2025-04-29
1947,30,4,2025,2025-04-30
1948,1,5,2025,2025-05-01
1949,2,5,2025,2025-05-02
1950,3,5,2025,2025-05-03
1951,4,5,2025,2025-05-04
1952,5,5,2025,2025-05-05
1953,6,5,2025,2025-05-06
1954,7,5,2025,2025-05-07
1955,8,5,2025,2025-05-08
1956,9,5,2025,2025-05-09
1957,10,5,2025,2025-05-10
1958,11,5,2025,2025-05-11
1959,12,5,2025,2025-05-12
1960,13,5,2025,2025-05-13
1961,14,5,2025,2025-05-14
1962,15,5,2025,2025-05-15
1963,16,5,2025,2025-05-16
1964,17,5,2025,2025-05-17
1965,18,5,2025,2025-05-18
1966,19,5,2025,2025-05-19
1967,20,5,2025,2025-05-20
1968,21,5,2025,2025-05-21
1969,22,5,2025,2025-05-22
1970,23,5,2025,2025-05-23
1971,24,5,2025,2025-05-24
1972,25,5,2025,2025-05-25
1973,26,5,2025,2025-05-26
1974,27,5,2025,2025-05-27
1975,28,5,2025,2025-05-28
1976,29,5,2025,2025-05-29
1977,30,5,2025,2025-05-30
1978,31,5,2025,2025-05-31
1979,1,6,2025,2025-06-01
1980,2,6,2025,2025-06-02
1981,3,6,2025,2025-06-03
1982,4,6,2025,2025-06-04
1983,5,6,2025,2025-06-05
1984,6,6,2025,2025-06-06
1985,7,6,2025,2025-06-07
1986,8,6,2025,2025-06-08
1987,9,6,2025,2025-06-09
1988,10,6,2025,2025-06-10
1989,11,6,2025,2025-06-11
1990,12,6,2025,2025-06-12
1991,13,6,2025,2025-06-13
1992,14,6,2025,2025-06-14
1993,15,6,2025,2025-06-15
1994,16,6,2025,2025-06-16
1995,17,6,2025,2025-06-17
1996,18,6,2025,2025-06-18
1997,19,6,2025,2025-06-19
1998,20,6,2025,2025-06-20
1999,21,6,2025,2025-06-21
2000,22,6,2025,2025-06-22
2001,23,6,2025,2025-06-23
2002,24,6,2025,2025-06-24
2003,25,6,2025,2025-06-25
2004,26,6,2025,2025-06-26
2005,27,6,2025,2025-06-27
2006,28,6,2025,2025-06-28
2007,29,6,2025,2025-06-29
2008,30,6,2025,2025-06-30
2009,1,7,2025,2025-07-01
2010,2,7,2025,2025-07-02
2011,3,7,2025,2025-07-03
2012,4,7,2025,2025-07-04
2013,5,7,2025,2025-07-05
2014,6,7,2025,2025-07-06
2015,7,7,2025,2025-07-07
2016,8,7,2025,2025-07-08
2017,9,7,2025,2025-07-09
2018,10,7,2025,2025-07-10
2019,11,7,2025,2025-07-11
2020,12,7,2025,2025-07-12
2021,13,7,2025,2025-07-13
2022,14,7,2025,2025-07-14
2023,15,7,2025,2025-07-15
2024,16,7,2025,2025-07-16
2025,17,7,2025,2025-07-17
2026,18,7,2025,2025-07-18
2027,19,7,2025,2025-07-19
2028,20,7,2025,2025-07-20
2029,21,7,2025,2025-07-21
2030,22,7,2025,2025-07-22
2031,23,7,2025,2025-07-23
2032,24,7,2025,2025-07-24
2033,25,7,2025,2025-07-25
2034,26,7,2025,2025-07-26
2035,27,7,2025,2025-07-27
2036,28,7,2025,2025-07-28
2037,29,7,2025,2025-07-29
2038,30,7,2025,2025-07-30
2039,31,7,2025,2025-07-31
2040,1,8,2025,2025-08-01
2041,2,8,2025,2025-08-02
2042,3,8,2025,2025-08-03
2043,4,8,2025,2025-08-04
2044,5,8,2025,2025-08-05
2045,6,8,2025,2025-08-06
2046,7,8,2025,2025-08-07
2047,8,8,2025,2025-08-08
2048,9,8,2025,2025-08-09
2049,10,8,2025,2025-08-10
2050,11,8,2025,2025-08-11
2051,12,8,2025,2025-08-12
2052,13,8,2025,2025-08-13
2053,14,8,2025,2025-08-14
2054,15,8,2025,2025-08-15
2055,16,8,2025,2025-08-16
2056,17,8,2025,2025-08-17
2057,18,8,2025,2025-08-18
2058,19,8,2025,2025-08-19
2059,20,8,2025,2025-08-20
2060,21,8,2025,2025-08-21
2061,22,8,2025,2025-08-22
2062,23,8,2025,2025-08-23
2063,24,8,2025,2025-08-24
2064,25,8,2025,2025-08-25
2065,26,8,2025,2025-08-26
2066,27,8,2025,2025-08-27
2067,28,8,2025,2025-08-28
2068,29,8,2025,2025-08-29
2069,30,8,2025,2025-08-30
2070,31,8,2025,2025-08-31
2071,1,9,2025,2025-09-01
2072,2,9,2025,2025-09-02
2073,3,9,2025,2025-09-03
2074,4,9,2025,2025-09-04
2075,5,9,2025,2025-09-05
2076,6,9,2025,2025-09-06
2077,7,9,2025,2025-09-07
2078,8,9,2025,2025-09-08
2079,9,9,2025,2025-09-09
2080,10,9,2025,2025-09-10
2081,11,9,2025,2025-09-11
2082,12,9,2025,2025-09-12
2083,13,9,2025,2025-09-13
2084,14,9,2025,2025-09-14
2085,15,9,2025,2025-09-15
2086,16,9,2025,2025-09-16
2087,17,9,2025,2025-09-17
2088,18,9,2025,2025-09-18
2089,19,9,2025,2025-09-19
2090,20,9,2025,2025-09-20
2091,21,9,2025,2025-09-21
2092,22,9,2025,2025-09-22
2093,23,9,2025,2025-09-23
2094,24,9,2025,2025-09-24
2095,25,9,2025,2025-09-25
2096,26,9,2025,2025-09-26
2097,27,9,2025,2025-09-27
2098,28,9,2025,2025-09-28
2099,29,9,2025,2025-09-29
2100,30,9,2025,2025-09-30
2101,1,10,2025,2025-10-01
2102,2,10,2025,2025-10-02
2103,3,10,2025,2025-10-03
2104,4,10,2025,2025-10-04
2105,5,10,2025,2025-10-05
2106,6,10,2025,2025-10-06
2107,7,10,2025,2025-10-07
2108,8,10,2025,2025-10-08
2109,9,10,2025,2025-10-09
2110,10,10,2025,2025-10-10
2111,11,10,2025,2025-10-11
2112,12,10,2025,2025-10-12
2113,13,10,2025,2025-10-13
2114,14,10,2025,2025-10-14
2115,15,10,2025,2025-10-15
2116,16,10,2025,2025-10-16
2117,17,10,2025,2025-10-17
2118,18,10,2025,2025-10-18
2119,19,10,2025,2025-10-19
2120,20,10,2025,2025-10-20
2121,21,10,2025,2025-10-21
2122,22,10,2025,2025-10-22
2123,23,10,2025,2025-10-23
2124,24,10,2025,2025-10-24
2125,25,10,2025,2025-10-25
2126,26,10,2025,2025-10-26
2127,27,10,2025,2025-10-27
2128,28,10,2025,2025-10-28
2129,29,10,2025,2025-10-29
2130,30,10,2025,2025-10-30
2131,31,10,2025,2025-10-31
2132,1,11,2025,2025-11-01
2133,2,11,2025,2025-11-02
2134,3,11,2025,2025-11-03
2135,4,11,2025,2025-11-04
2136,5,11,2025,2025-11-05
2137,6,11,2025,2025-11-06
2138,7,11,2025,2025-11-07
2139,8,11,2025,2025-11-08
2140,9,11,2025,2025-11-09
2141,10,11,2025,2025-11-10
2142,11,11,2025,2025-11-11
2143,12,11,2025,2025-11-12
2144,13,11,2025,2025-11-13
2145,14,11,2025,2025-11-14
2146,15,11,2025,2025-11-15
2147,16,11,2025,2025-11-16
2148,17,11,2025,2025-11-17
2149,18,11,2025,2025-11-18
2150,19,11,2025,2025-11-19
2151,20,11,2025,2025-11-20
2152,21,11,2025,2025-11-21
2153,22,11,2025,2025-11-22
2154,23,11,2025,2025-11-23
2155,24,11,2025,2025-11-24
2156,25,11,2025,2025-11-25
2157,26,11,2025,2025-11-26
2158,27,11,2025,2025-11-27
2159,28,11,2025,2025-11-28
2160,29,11,2025,2025-11-29
2161,30,11,2025,2025-11-30
2162,1,12,2025,2025-12-01
2163,2,12,2025,2025-12-02
2164,3,12,2025,2025-12-03
2165,4,12,2025,2025-12-04
2166,5,12,2025,2025-12-05
2167,6,12,2025,2025-12-06
2168,7,12,2025,2025-12-07
2169,8,12,2025,2025-12-08
2170,9,12,2025,2025-12-09
2171,10,12,2025,2025-12-10
2172,11,12,2025,2025-12-11
2173,12,12,2025,2025-12-12
2174,13,12,2025,2025-12-13
2175,14,12,2025,2025-12-14
2176,15,12,2025,2025-12-15
2177,16,12,2025,2025-12-16
2178,17,12,2025,2025-12-17
2179,18,12,2025,2025-12-18
2180,19,12,2025,2025-12-19
2181,20,12,2025,2025-12-20
2182,21,12,2025,2025-12-21
2183,22,12,2025,2025-12-22
2184,23,12,2025,2025-12-23
2185,24,12,2025,2025-12-24
2186,25,12,2025,2025-12-25
2187,26,12,2025,2025-12-26
2188,27,12,2025,2025-12-27
2189,28,12,2025,2025-12-28
2190,29,12,2025,2025-12-29
2191,30,12,2025,2025-12-30
2192,31,12,2025,2025-12-31
